Organization,URL,Technologies,Topics,Ideas Link,Logo,Short Description
52Â°North Spatial Information Research GmbH,https://summerofcode.withgoogle.com/programs/2025/organizations/52north-spatial-information-research-gmbh,"['javascript', 'android', 'java', 'web services', 'ogc standards']","['citizen science', 'spatial information infrastructures', 'open standards', 'data analytics', 'Geoinformation']",https://52north.org/outreach-dissemination/google-summer-of-code/project-ideas/,https://summerofcode.withgoogle.com/media/org/52north-spatial-information-research-gmbh/gzamo2sqfwcmcobt-360.png,Innovative ideas & technologies in geoinformatics
AboutCode,https://summerofcode.withgoogle.com/programs/2025/organizations/aboutcode,"['python', 'javascript', 'Django+PostgreSQL', 'C/Rust/Go']","['dependencies', 'vulnerabilities', 'SoftwareCompositionAnalysis', 'License', 'SBOM']",https://github.com/aboutcode-org/aboutcode/wiki/GSOC-2025-Project-Ideas,https://summerofcode.withgoogle.com/media/org/aboutcode/pmcafargc6wvl1ck-360.png,"Scan code for origin, license and vulnerabilities"
Accord Project,https://summerofcode.withgoogle.com/programs/2025/organizations/accord-project,"['python', 'javascript', 'json', 'react', 'artificial intelligence']","['natural language processing', 'data modeling', 'legal technology', 'contract management', 'document assembly']",https://github.com/accordproject/techdocs/wiki/Google-Summer-of-Code-2025-Ideas-List,https://summerofcode.withgoogle.com/media/org/accord-project/1q3vpch01xpsriu9-360.png,Open source software for smart legal contracts
AFLplusplus,https://summerofcode.withgoogle.com/programs/2025/organizations/aflplusplus,"['llvm', 'rust', 'fuzzing', 'qemu']","['fuzzing', 'ci']",https://github.com/AFLplusplus/LibAFL/issues/2992,https://summerofcode.withgoogle.com/media/org/aflplusplus/dw8yelaswljerorz-360.png,State of the art fuzzing for better security
Alaska,https://summerofcode.withgoogle.com/programs/2025/organizations/alaska,"['python', 'mysql', 'java', 'matlab', 'dicom']","['deep learning', 'neuroscience', 'radiology', 'heathcare', 'Polar Science']",https://github.com/uaanchorage/GSoC,https://summerofcode.withgoogle.com/media/org/alaska/uuu8lxevgc3jof9c.png,"Many Traditions, One Alaska"
AnkiDroid,https://summerofcode.withgoogle.com/programs/2025/organizations/ankidroid,"['android', 'rust', 'kotlin', 'mobile']","['education', 'mobile', 'android', 'user generated content', 'Flashcards']",https://docs.google.com/document/d/1Va6IWEYcWTkK4KDtyoFxtOKzpdcYe54GdrVpuMcFvlI/edit?usp=sharing,https://summerofcode.withgoogle.com/media/org/ankidroid/cxtovrlsuuluttgi-360.png,AnkiDroid makes remembering things easy
AOSSIE,https://summerofcode.withgoogle.com/programs/2025/organizations/aossie,"['python', 'javascript', 'android', 'flutter', 'Blockchain']","['web', 'machine learning', 'natural language processing', 'mobile', 'backend']",https://aossie.org/ideas,https://summerofcode.withgoogle.com/media/org/aossie/oo1wd34pc1ytrq6a-360.png,Australian Umbrella Org for Open-Source Projects
Apache DataFusion,https://summerofcode.withgoogle.com/programs/2025/organizations/apache-datafusion,"['python', 'rust', 'sql', 'arrow']","['databases', 'big data', 'OLAP']",https://datafusion.apache.org/contributor-guide/gsoc_project_ideas,https://summerofcode.withgoogle.com/media/org/apache-datafusion/tqdstft3qk2yleu9-360.png,Foundational library for DBs and compute engines
Apache Software Foundation,https://summerofcode.withgoogle.com/programs/2025/organizations/apache-software-foundation,"['c', 'java', 'c++']","['big data', 'cloud', 'libraries', 'other']",https://s.apache.org/gsoc2025ideas,https://summerofcode.withgoogle.com/media/org/apache-software-foundation/hq22fwtmvdfjnsh9-360.png,Open source software to the public free of charge
API Dash,https://summerofcode.withgoogle.com/programs/2025/organizations/api-dash,"['flutter', 'api', 'ai', 'dart', 'ui/ux']","['testing', 'api', 'developer tools', 'automation', 'GenAI']",https://github.com/foss42/apidash/discussions/565,https://summerofcode.withgoogle.com/media/org/api-dash/wgtarubdkvdp5qih-360.png,Next-gen Open Source AI powered API DevTool
ArduPilot,https://summerofcode.withgoogle.com/programs/2025/organizations/ardupilot,"['python', 'lua', 'c++', 'pixhawk']","['robotics', 'ai', 'Drone', 'autonomous vehicle', 'unmanned vehicle']",https://ardupilot.org/dev/docs/gsoc-ideas-list.html,https://summerofcode.withgoogle.com/media/org/ardupilot/oveqvcxkpgkuv8wq-360.png,World's most advanced autonomous vehicle software
AsyncAPI,https://summerofcode.withgoogle.com/programs/2025/organizations/asyncapi,"['javascript', 'java', 'go', 'typescript', 'RAML']","['web', 'api', 'cloud', 'Architectures']",https://github.com/asyncapi/community/blob/master/mentorship/summerofcode/2025/asyncapi-gsoc-ideas-page.md,https://summerofcode.withgoogle.com/media/org/asyncapi/gmnlfvngjaqxjxio.png,Building the future of Event-Driven Architectures
BeagleBoard.org,https://summerofcode.withgoogle.com/programs/2025/organizations/beagleboardorg,"['linux', 'fpga', 'risc-v', 'dsp', 'Zephyr RTOS']","['robotics', 'iot', 'ai', 'software defined radio', 'Personal Server']",https://bbb.io/gsocideas,https://summerofcode.withgoogle.com/media/org/beagleboardorg/4w6td6bjy31ei9v2-360.png,Open hardware computing for educators and makers
Blender Foundation,https://summerofcode.withgoogle.com/programs/2025/organizations/blender-foundation,"['c', 'python', 'opengl', 'c++', 'vulkan']","['games', 'graphics', '3d', 'rendering', 'animation']",https://developer.blender.org/docs/programs/gsoc/ideas/,https://summerofcode.withgoogle.com/media/org/blender-foundation/vdfgx9yyygdjjvym-360.png,The Freedom to Create
BRL-CAD,https://summerofcode.withgoogle.com/programs/2025/organizations/brl-cad,"['python', 'c/c++', 'opengl', 'opencl', 'scripting']","['geometry', '2d/3d graphics', 'ray tracing', 'high-performance computing', 'deep neural net rendering']",https://github.com/opencax/GSoC/issues?q=is%3Aissue+is%3Aopen+label%3A%22GSoC+2025%22,https://summerofcode.withgoogle.com/media/org/brl-cad/4ec07aqdfrvygfed-360.png,3D CAD & other computer-aided tech (CAx)
cBioPortal for Cancer Genomics,https://summerofcode.withgoogle.com/programs/2025/organizations/cbioportal-for-cancer-genomics,"['mysql', 'javascript', 'java', 'react', 'typescript']","['genomics', 'cancer', 'bioinformatics', 'big data', 'precision medicine']",https://github.com/cBioPortal/gsoc/issues?q=is%3Aissue%20state%3Aopen%20label%3AGSoC-2025,https://summerofcode.withgoogle.com/media/org/cbioportal-for-cancer-genomics/fdxtjhb0urtqcyfe-360.png,Aid discovery in complex cancer genomics data
CCExtractor Development,https://summerofcode.withgoogle.com/programs/2025/organizations/ccextractor-development,"['c', 'linux', 'rust', 'flutter']","['vr', 'linux', 'video', 'subtitles', 'mobile']",https://ccextractor.org/docs/ideas_page_for_summer_of_code_2025/,https://summerofcode.withgoogle.com/media/org/ccextractor-development/xjqt8fksfnyqyqrd-360.png,"TV, Rust, Flutter, Linux, VR and C. In any order."
Center for Translational Data Science,https://summerofcode.withgoogle.com/programs/2025/organizations/center-for-translational-data-science,"['golang', 'docker', 'postgres', 'gpu', 'LLMs']","['machine learning', 'artificial intelligence', 'devops', 'MLOps', 'Data Meshes']",https://docs.google.com/document/d/1kiEDB6tw2xD8Qj3uxpSELjazW35llHM1a9Nt_LQKwHw/edit?usp=sharing,https://summerofcode.withgoogle.com/media/org/center-for-translational-data-science/bc61hj7tocvmpw6p-360.png,Develop translational data science.
Ceph,https://summerofcode.withgoogle.com/programs/2025/organizations/ceph,"['python', 'javascript', 'c++']","['distributed systems', 'Software-Defined-Storage']",https://ceph.io/en/developers/google-summer-of-code/,https://summerofcode.withgoogle.com/media/org/ceph/rvqqprqtyq0rfrcc-360.png,The Future of Storage
CERN-HSF,https://summerofcode.withgoogle.com/programs/2025/organizations/cern-hsf,"['python', 'c/c++', 'data analysis', 'artificial intelligence', 'container orchestration']","['machine learning', 'big data', 'algorithmics', 'particle physics', 'Performance Optimisation']",https://hepsoftwarefoundation.org/gsoc/2025/summary.html,https://summerofcode.withgoogle.com/media/org/cern-hsf/cjus658sjzba5zhg-360.png,Umbrella for Particle Physics-related projects
CGAL Project,https://summerofcode.withgoogle.com/programs/2025/organizations/cgal-project,"['c++', 'qt']","['geometry', 'mesh processing', 'computation geometry', 'geometry processing']",https://github.com/CGAL/cgal/wiki/Project-Ideas,https://summerofcode.withgoogle.com/media/org/cgal-project/9ubuadbe0eg5xfcw-360.png,C++ library of computational geometry
CHAOSS,https://summerofcode.withgoogle.com/programs/2025/organizations/chaoss,"['python', 'postgresql', 'javascript', 'machine learning', 'metrics']","['open source software metrics', 'software sustainability', 'community building', 'security and software bill of materials']",https://github.com/chaoss/augur/blob/main/gsoc-interest.md,https://summerofcode.withgoogle.com/media/org/chaoss/omnpzqtoqzjmesi7-360.png,Community Health Analytics Open Source Software
Checker Framework,https://summerofcode.withgoogle.com/programs/2025/organizations/checker-framework,"['java', 'compilers', 'Verification', 'formal methods', 'type systems']","['software engineering', 'verification', 'bug finding', 'programmer productivity', 'type systems']",https://rawgit.com/typetools/checker-framework/master/docs/developer/new-contributor-projects.html,https://summerofcode.withgoogle.com/media/org/checker-framework/zgooweugtqicf1jx-360.png,Prevent programming errors via simple verification
checkstyle,https://summerofcode.withgoogle.com/programs/2025/organizations/checkstyle,"['java', 'antlr', 'artificial-intelligence']","['static code analysis\u200e', 'code review tool', 'coding standards', 'coding conventions', 'artificial-intelligence']",https://github.com/checkstyle/checkstyle/wiki/Checkstyle-GSoC-2025-Project-Ideas,https://summerofcode.withgoogle.com/media/org/checkstyle/e8ubktvaft8eljli-360.png,Helps to adheres of Java coding standard
Chromium,https://summerofcode.withgoogle.com/programs/2025/organizations/chromium-lj,"['python', 'javascript', 'java', 'c++', 'git']","['web', 'browser', 'operating-system']",https://docs.google.com/presentation/d/1ozDiULkf2Gi4HH1XA_Ad9O7rQpP9SP0yPEs_dpcBZKM/edit?usp=sharing,https://summerofcode.withgoogle.com/media/org/chromium-lj/qiwhezblvq2a0jgc-360.png,"Fast, seamless, safe, and reliable web for all"
CircuitVerse.org,https://summerofcode.withgoogle.com/programs/2025/organizations/circuitverseorg,"['javascript', 'rails', 'canvas', 'vue']","['education', 'web', 'simulation', 'pedagogy', 'digital logic design']",https://github.com/CircuitVerse/CircuitVerse/wiki/GSoC'25-Project-List,https://summerofcode.withgoogle.com/media/org/circuitverseorg/rxan5pn96f3m4yfu-360.png,Build and learn logic circuits in the cloud!
CloudCV,https://summerofcode.withgoogle.com/programs/2025/organizations/cloudcv,"['python', 'django', 'docker', 'angularjs', 'aws']","['machine learning', 'artificial intelligence', 'computer vision', 'deep learning', 'AI/ML']",https://gsoc.cloudcv.org/,https://summerofcode.withgoogle.com/media/org/cloudcv/mxq9gvskhg4i5lyw-360.png,Building platforms for reproducible AI Research
CNCF,https://summerofcode.withgoogle.com/programs/2025/organizations/cncf,"['prometheus', 'kubernetes', 'OpenTelemetry', 'envoy']","['cloud', 'cloud native', 'observability']",https://github.com/cncf/mentoring/blob/main/programs/summerofcode/2025.md,https://summerofcode.withgoogle.com/media/org/cncf/jmxijrttlucfutel-360.png,Building sustainable ecosystems for cloud native
CRIU,https://summerofcode.withgoogle.com/programs/2025/organizations/criu,"['c', 'python', 'linux', 'go']","['cloud', 'containers', 'Checkpoint/Restore']",https://criu.org/Google_Summer_of_Code_Ideas,https://summerofcode.withgoogle.com/media/org/criu/ypjxpancpwtdf698-360.png,Chekpoint/Restore for Linux tasks and containers
D Language Foundation,https://summerofcode.withgoogle.com/programs/2025/organizations/d-language-foundation,"['linux', 'make', 'd', 'windows', 'C\\C++']","['operating systems', 'programming languages', 'algorithms', 'data structures', 'optimizations']",https://dlang.github.io/GSoC/,https://summerofcode.withgoogle.com/media/org/d-language-foundation/u25qvh5ljfkkhkjj.png,"Write fast, read fast, and run fast."
Dart,https://summerofcode.withgoogle.com/programs/2025/organizations/dart,"['flutter', 'dart']","['programming languages', 'mobile apps']",https://github.com/dart-lang/sdk/blob/main/docs/gsoc/Dart-GSoC-2025-Project-Ideas.md,https://summerofcode.withgoogle.com/media/org/dart/hsghljw4m6popf0x-360.png,Dart is a client language for apps on any platform
Data for the Common Good,https://summerofcode.withgoogle.com/programs/2025/organizations/data-for-the-common-good,"['python', 'javascript', 'kubernetes', 'reactjs', 'terraform']","['web', 'health', 'data', 'infrastructure', 'software']",https://docs.pedscommons.org/GSoC/ideas,https://summerofcode.withgoogle.com/media/org/data-for-the-common-good/tk4snywy4ejlztpt-360.png,Connect. Share. Discover.
DBpedia,https://summerofcode.withgoogle.com/programs/2025/organizations/dbpedia,"['python', 'javascript', 'java', 'scala', 'rdf']","['machine learning', 'semantic web', 'linked data', 'knowledge graph', 'largelanguagemodel']",https://forum.dbpedia.org/tag/gsoc2025-ideas,https://summerofcode.withgoogle.com/media/org/dbpedia/cgjegpmawtu5fr6w-360.png,Global and Unified Access to Knowledge Graphs.
Debian,https://summerofcode.withgoogle.com/programs/2025/organizations/debian,"['python', 'java', 'perl', 'c++', 'rust']","['ai', 'CI/CD', 'autopkgtest', 'raspberrypi_builds', 'mobian']",https://wiki.debian.org/SummerOfCode2025/Projects,https://summerofcode.withgoogle.com/media/org/debian/mmld9soj4mti8bjn-360.png,The Universal Operating System
DeepChem,https://summerofcode.withgoogle.com/programs/2025/organizations/deepchem,"['python', 'numpy', 'pytorch', 'HuggingFace']","['artificial intelligence', 'chemistry', 'biology', 'materials science', 'Drug Discovery']",https://forum.deepchem.io/t/deepchem-gsoc-2025-project-ideas/1568,https://summerofcode.withgoogle.com/media/org/deepchem/ffdofoxp3ba1qqmh-360.png,Democratize AI for drug discovery.
"Department of Biomedical Informatics, Emory University",https://summerofcode.withgoogle.com/programs/2025/organizations/department-of-biomedical-informatics-emory-university,"['python', 'javascript', 'java', 'bash', 'Colab']","['cloud', 'data integration', 'workflows', 'data security', 'ML/AL']",https://github.com/NISYSLAB/Emory-BMI-GSoC/?tab=readme-ov-file#list-of-ideas,https://summerofcode.withgoogle.com/media/org/department-of-biomedical-informatics-emory-university/l9jrm7pdhwnkxh3b-360.png,Biomedical research to advance healthcare
Django Software Foundation,https://summerofcode.withgoogle.com/programs/2025/organizations/django-software-foundation-8o,"['python', 'django']","['web', 'python']",https://code.djangoproject.com/wiki/SummerOfCode2025,https://summerofcode.withgoogle.com/media/org/django-software-foundation-8o/685unxpkksrvfugu-360.png,Web framework for perfectionists with deadlines
dora-rs,https://summerofcode.withgoogle.com/programs/2025/organizations/dora-rs-tb,"['python', 'ros', 'c++', 'rust', 'Autonomous drive']","['middleware', 'Embodied AI', 'Python Robotics', 'Autonomous Drive', 'Robot Dataflow']",https://github.com/dora-rs/dora/wiki/GSoC_2025,https://summerofcode.withgoogle.com/media/org/dora-rs-tb/u8emntrmqq6vgcih-360.png,Simplify robotic apps with low latency & distributed dataflow
Drupal Association,https://summerofcode.withgoogle.com/programs/2025/organizations/drupal-association,"['mysql', 'javascript', 'html', 'php', 'symfony']","['web', 'cloud', 'DXP', 'Massive community', 'Inclusive']",https://www.drupal.org/project/gsoc,https://summerofcode.withgoogle.com/media/org/drupal-association/kfbn4ws0uftixkho-360.png,The best open source digital experience platform
Eclipse Foundation,https://summerofcode.withgoogle.com/programs/2025/organizations/eclipse-foundation,"['java', 'rtos', 'eclipsejavaide', 'jakartaee', 'softwaredefinedvehicles']","['robotics', 'automotive', 'tools', 'cloud native java', 'iot & edge']",https://gitlab.eclipse.org/eclipsefdn/emo-team/gsoc-at-the-ef/-/issues/?sort=due_date&state=opened&label_name%5B%5D=Project%20Idea&label_name%5B%5D=GSoC%202025&first_page_size=50,https://summerofcode.withgoogle.com/media/org/eclipse-foundation/xo1ntao7atq7yjg2-360.png,The Global Open Source Foundation
Electron,https://summerofcode.withgoogle.com/programs/2025/organizations/electron,"['javascript', 'node.js', 'c++', 'typescript', 'Chromium']","['desktop', 'framework', 'javascript']",https://electronhq.notion.site/Electron-Google-Summer-of-Code-2025-Ideas-List-1851459d1bd1811894dad8b48a68596d,https://summerofcode.withgoogle.com/media/org/electron/vchyhnp6rhabucgj-360.png,Cross-platform desktop apps with web technologies
Fedora Project,https://summerofcode.withgoogle.com/programs/2025/organizations/fedora-project,"['python', 'bash', 'rpm', 'security', 'Container']","['platform', 'ai', 'operating system', 'LLM', 'NetworkManager']",https://docs.fedoraproject.org/en-US/mentored-projects/gsoc/2025/ideas/,https://summerofcode.withgoogle.com/media/org/fedora-project/shb5orpvxtdcerqq-360.png,"Freedom, Friends, Features, and First."
FFmpeg,https://summerofcode.withgoogle.com/programs/2025/organizations/ffmpeg,"['c', 'git', 'asm']","['audio', 'video', 'subtitles', 'multimedia']",https://trac.ffmpeg.org/wiki/SponsoringPrograms/GSoC/2025,https://summerofcode.withgoogle.com/media/org/ffmpeg/9nltyc13lvn7dqn0-360.png,"Record, convert and stream audio & video"
FLARE,https://summerofcode.withgoogle.com/programs/2025/organizations/flare,"['python', 'ida-pro', 'Ghidra']","['emulation', 'disassembly', 'decompilation', 'malware-analysis', 'reverse-engineering']",https://github.com/mandiant/flare-gsoc/blob/2025/doc/project-ideas.md,https://summerofcode.withgoogle.com/media/org/flare/6so0wjs76qeewe9v-360.png,Industry leading malware analysis
Fortran-lang,https://summerofcode.withgoogle.com/programs/2025/organizations/fortran-lang,"['python', 'c++', 'fortran']","['compilers', 'programming languages', 'build systems', 'libraries', 'Fortran']",https://github.com/fortran-lang/webpage/wiki/GSoC-2025-Project-ideas,https://summerofcode.withgoogle.com/media/org/fortran-lang/ay9se7mc6vgdwgbn-360.png,High-performance parallel programming language
FOSSASIA,https://summerofcode.withgoogle.com/programs/2025/organizations/fossasia-bg,"['c', 'python', 'javascript', 'django', 'android']","['web', 'hardware', 'event solutions', 'android', 'firmware']",https://docs.google.com/document/d/1Tz1KxYefreKzBr98C4vbCv9UwnchZoyTwO8rBrz_lmg/edit?tab=t.0#heading=h.9sjk3ie7l2o2,https://summerofcode.withgoogle.com/media/org/fossasia-bg/rquaoyo4v86xj21l-360.png,Free and Open Source Software in Asia
FOSSology,https://summerofcode.withgoogle.com/programs/2025/organizations/fossology,"['python', 'postgresql', 'c/c++', 'go', 'php']","['automation', 'spdx', 'license compliance', 'nlp', 'compliance automation']",https://fossology.github.io/gsoc/docs/2025/GSoC-projects,https://summerofcode.withgoogle.com/media/org/fossology/bqfblnvpsqnfg5bh-360.png,Open Source License Compliance by OSS
Free and Open Source Silicon Foundation,https://summerofcode.withgoogle.com/programs/2025/organizations/free-and-open-source-silicon-foundation,"['verilog', 'vhdl', 'risc-v', 'compiler']","['hardware', 'debug', 'simulation', 'electronic design tools']",https://fossi-foundation.org/gsoc/gsoc25-ideas,https://summerofcode.withgoogle.com/media/org/free-and-open-source-silicon-foundation/aie951otsp3xucok.png,Working together for Free and Open Source Silicon
FreeCAD,https://summerofcode.withgoogle.com/programs/2025/organizations/freecad,"['python', 'c++', 'qt', 'OpenCASCADE', 'OpenInventor']","['engineering', 'graphics', 'cad', '3d', 'architecture', 'BIM', 'CAM']",https://wiki.freecad.org/Google_Summer_of_Code_2025,https://summerofcode.withgoogle.com/media/org/freecad/hka287elz3d4wvzu.png,Cross-platform 3D parametric modeler
freifunk,https://summerofcode.withgoogle.com/programs/2025/organizations/freifunk,"['c', 'python', 'javascript', 'rust', 'openwrt']","['security', 'embedded systems', 'routing', 'wireless networks', 'federation']",https://projects.freifunk.net,https://summerofcode.withgoogle.com/media/org/freifunk/bpcbaeecusvfzbzk-360.png,Free and open wireless networks
GeomScale,https://summerofcode.withgoogle.com/programs/2025/organizations/geomscale,"['python', 'c++', 'r', 'jupyter', 'github-actions']","['mathematics', 'data science', 'computational biology', 'computational geometry', 'statistics']",https://github.com/GeomScale/gsoc25/wiki/table-of-proposed-coding-projects,https://summerofcode.withgoogle.com/media/org/geomscale/ongpste986nd7t6p-360.png,Scalable geometric and statistical software
Git,https://summerofcode.withgoogle.com/programs/2025/organizations/git,"['shell script', 'git', 'c language']","['version control', 'dvcs']",https://git.github.io/SoC-2025-Ideas/,https://summerofcode.withgoogle.com/media/org/git/mbqqznjbaohwgq80-360.png,"Fast,Scalable,Distributed revision control system"
GitLab,https://summerofcode.withgoogle.com/programs/2025/organizations/gitlab,"['javascript', 'ruby on rails', 'go', 'ruby', 'vue']","['cloud', 'ai', 'devops', 'git', 'DevSecOps']",https://gitlab.com/gitlab-org/developer-relations/contributor-success/google-summer-of-code-2025/-/issues,https://summerofcode.withgoogle.com/media/org/gitlab/mfhpav5dgegzwg8z-360.png,Everyone can contribute
GNOME Foundation,https://summerofcode.withgoogle.com/programs/2025/organizations/gnome-foundation,"['c', 'linux', 'rust', 'gtk', 'Flatpak']","['operating systems', 'desktop', 'graphics', 'open source', 'apps']",https://gsoc.gnome.org/2025/,https://summerofcode.withgoogle.com/media/org/gnome-foundation/aqwqx1x6ozjnxsak-360.png,A diverse and sustainable free software desktop.
GNSS-SDR,https://summerofcode.withgoogle.com/programs/2025/organizations/gnss-sdr,"['c', 'c++', 'sdr']","['gnss', 'geolocation', 'navigation', 'software defined radio', 'communications']",https://gnss-sdr.org/google-summer-code-2025-ideas-list/,https://summerofcode.withgoogle.com/media/org/gnss-sdr/vaciksjfho8cec2g-360.png,An open source GNSS software-defined receiver
GNU Compiler Collection (GCC),https://summerofcode.withgoogle.com/programs/2025/organizations/gnu-compiler-collection-gcc,"['c/c++', 'gnu make', 'gnu autotools']","['compilers', 'developer tools', 'toolchain', 'openmp', 'link time optimization']",https://gcc.gnu.org/wiki/SummerOfCode,https://summerofcode.withgoogle.com/media/org/gnu-compiler-collection-gcc/kpspl59nyj0hoxlr-360.png,GNU compilers
GNU Image Manipulation Program,https://summerofcode.withgoogle.com/programs/2025/organizations/gnu-image-manipulation-program,"['c', 'GEGL']","['graphics', 'design', 'photography', 'illustration']",https://developer.gimp.org/core/internship/ideas/,https://summerofcode.withgoogle.com/media/org/gnu-image-manipulation-program/n73ytwpnna15tra2-360.png,GIMP is a cross-platform image editor
GNU Octave,https://summerofcode.withgoogle.com/programs/2025/organizations/gnu-octave,"['c++', 'hg']","['mathematics', 'scientific computing', 'numerical computation', 'numerical methods', 'matlab']",https://wiki.octave.org/Summer_of_Code_-_Getting_Started#Suggested_projects,https://summerofcode.withgoogle.com/media/org/gnu-octave/0kc85jo6rl3eo2g0-360.png,Free Your Numbers
GNU Radio,https://summerofcode.withgoogle.com/programs/2025/organizations/gnu-radio,"['python', 'c++', 'qt', 'simd']","['real-time', 'dsp', 'communications engineering', 'cybersecurity', 'Software-Defined Radio']",https://wiki.gnuradio.org/index.php?title=GSoCIdeas,https://summerofcode.withgoogle.com/media/org/gnu-radio/v1g5y6exzlwgfulv-360.png,The free & open software radio ecosystem
Google DeepMind,https://summerofcode.withgoogle.com/programs/2025/organizations/google-deepmind-sq,"['python', 'javascript', 'typescript', 'Jax', 'Gemma']","['python', 'Jax', 'AI', '', 'Gemma']",https://goo.gle/deepmind-gsoc-projects-2025,https://summerofcode.withgoogle.com/media/org/google-deepmind-sq/cmdhldmexaj4kpms-360.png,Google DeepMind's open-source projects
gprMax,https://summerofcode.withgoogle.com/programs/2025/organizations/gprmax,"['python', 'cuda', 'openmp', 'mpi', 'opencl']","['science', 'engineering', 'geophysics', 'electromagnetics', 'ground penetrating radar']",https://github.com/gprMax/GSoC/blob/main/project-ideas-2025.md,https://summerofcode.withgoogle.com/media/org/gprmax/vm8kavyxz3csja8f-360.png,Simulating electromagnetic wave propagation
GRAME,https://summerofcode.withgoogle.com/programs/2025/organizations/grame,"['c', 'javascript', 'c++', 'rust', 'typescript']","['audio', 'compiler', 'digital signal processing', 'function programming language']",https://github.com/grame-cncm/faustideas,https://summerofcode.withgoogle.com/media/org/grame/joff5sziiuapvits-360.png,Domain specific language for audio
Graphite,https://summerofcode.withgoogle.com/programs/2025/organizations/graphite,"['machine learning', 'rust', 'vulkan', 'ai', 'webgpu']","['compilers', 'programming languages', 'graphics', 'computational geometry', 'fonts']",https://graphite.rs/volunteer/guide/student-projects/,https://summerofcode.withgoogle.com/media/org/graphite-labs/p5x1ehnbihaxxqoq-360.png,"Editor, graphics engine, & compiler for art/design"
Haskell.org,https://summerofcode.withgoogle.com/programs/2025/organizations/haskellorg,"['haskell', 'ghc']","['compilers', 'programming languages', 'functional programming', 'programming tools']",https://summer.haskell.org/ideas.html,https://summerofcode.withgoogle.com/media/org/haskellorg/ivy7hfguqhoz8onp-360.png,Purely functional programming language
HumanAI,https://summerofcode.withgoogle.com/programs/2025/organizations/humanai,"['python', 'machine learning', 'c++', 'data analysis', 'artificial intelligence']","['machine learning', 'artificial intelligence', 'ai', 'Arts', 'Humanities']",https://humanai.foundation/,https://summerofcode.withgoogle.com/media/org/humanai/n5oaqivpu4hu4alm-360.png,AI for the Arts and the Humanities
INCF,https://summerofcode.withgoogle.com/programs/2025/organizations/incf,"['python', 'javascript', 'java', 'c++', 'gpu']","['machine learning', 'data visualization', 'neuroscience', 'brain modelling', 'neuroimage processing']",https://docs.google.com/document/d/1T7U4nYFbVbZuIUw_2bB89YASj-ra26hRNtG2a20Gjlw/edit?tab=t.0,https://summerofcode.withgoogle.com/media/org/incf/gnryoa8kunjogh9a-360.png,An open & FAIR neuroscience standards organization
Inkscape,https://summerofcode.withgoogle.com/programs/2025/organizations/inkscape,"['python', 'c++', 'svg']","['web', 'graphics', 'design']",https://gitlab.com/inkscape/inkscape/-/blob/master/doc/gsoc/summerofcode.md,https://summerofcode.withgoogle.com/media/org/inkscape/qiomrjtmocpmomjf-360.png,Draw freely!
International Catrobat Association,https://summerofcode.withgoogle.com/programs/2025/organizations/international-catrobat-association,"['javascript', 'swift', 'kotlin', 'php', 'flutter']","['education', 'visual programming', 'mobile programming', 'game engines', 'creativity tools']",https://developer.catrobat.org/pages/development/google-summer-of-code/2025/,https://summerofcode.withgoogle.com/media/org/international-catrobat-association/dfkxzmsqlkyvwi2o-360.png,Free visual coding apps for computational thinking
Internet Archive,https://summerofcode.withgoogle.com/programs/2025/organizations/internet-archive,"['python', 'javascript', 'go', 'elasticsearch', 'hadoop']","['library', 'media', 'archiving']",https://docs.google.com/document/d/1oHNwPNYmHV5q3puBfv6IQFs-4gTe9XLN2iz2Lgse-1k/edit?tab=t.0,https://summerofcode.withgoogle.com/media/org/internet-archive/uzbgzbb9tvp81c2i.png,Universal Access to All Knowledge
Internet Health Report,https://summerofcode.withgoogle.com/programs/2025/organizations/internet-health-report,"['python', 'javascript', 'apache kafka', 'VueJS']","['networking', 'routing', 'communication', 'internet', 'data analytics']",https://github.com/InternetHealthReport/gsoc/blob/main/ideas.md,https://summerofcode.withgoogle.com/media/org/internet-health-report/lifcnmh2qkq9cl5o-360.png,Monitoring the Internet
Invesalius,https://summerofcode.withgoogle.com/programs/2025/organizations/invesalius,"['python', 'cython', 'numpy', 'dicom', 'Vtk']","['ehealth', 'medical imaging', '3D Reconstruction', '3d printing', 'Neuronavigation']",https://github.com/invesalius/gsoc/blob/main/gsoc_2025_ideas.md,https://summerofcode.withgoogle.com/media/org/invesalius/ktlk8dmldhfmlyb2-360.png,3D Medical visualization and neuronavigation tool
IOOS,https://summerofcode.withgoogle.com/programs/2025/organizations/ioos,"['python', 'java', 'r', 'Zarr', 'NetCDF']","['open data', 'open science', 'data management', 'Oceanography', 'Marine Biodiversity']",https://github.com/ioos/gsoc/blob/main/2025/ideas-list.md,https://summerofcode.withgoogle.com/media/org/ioos/oe7caipkhwnizoyr-360.png,"Our eyes on the ocean, coasts, and Great Lakes"
JabRef e.V.,https://summerofcode.withgoogle.com/programs/2025/organizations/jabref-ev,"['java', 'javafx', 'ai', 'bibtex']","['science', 'library', 'literature', 'latex', 'bibliography']",https://github.com/JabRef/jabref/wiki/GSoC-2025-ideas-list,https://summerofcode.withgoogle.com/media/org/jabref-ev/ylevworrwqf9bw9g-360.png,Open Source bibliography manager
JAX and Keras,https://summerofcode.withgoogle.com/programs/2025/organizations/jax-and-keras,"['python', 'machine learning', 'ai']","['machine learning', 'Jax', 'keras', 'PYTHON LIBRARY']",https://docs.google.com/document/d/16uAZEldrXUBHjrszSO22Hr81OmVSjzVXza0szZl6Fxw/edit?usp=sharing,https://summerofcode.withgoogle.com/media/org/jax-and-keras/7czut6i8nmxbyzkp-360.png,Python libraries for large-scale machine learning
JdeRobot,https://summerofcode.withgoogle.com/programs/2025/organizations/jderobot,"['python', 'ros', 'gazebo', 'opencv', 'tensorflow']","['education', 'artificial intelligence', 'robotics', 'computer vision', 'developer tools']",https://jderobot.github.io/activities/gsoc/2025#ideas-list,https://summerofcode.withgoogle.com/media/org/jderobot/xwu8zkcagffmlqdj-360.png,Toolkit for developing Robotics applications
Jenkins,https://summerofcode.withgoogle.com/programs/2025/organizations/jenkins-wp,"['javascript', 'java', 'go', 'docker', 'kubernetes']","['developer tools', 'automation', 'continuous integration', 'continuous delivery', 'devops']",https://www.jenkins.io/projects/gsoc/2025/project-ideas/,https://summerofcode.withgoogle.com/media/org/jenkins-wp/7qlgfron9nyj194y-360.png,"Jenkins, build great things at any scale"
Jitsi,https://summerofcode.withgoogle.com/programs/2025/organizations/jitsi,"['javascript', 'java', 'react', 'kotlin', 'webrtc']","['video', 'multimedia', 'video conferencing', 'WebRTC']",https://github.com/jitsi/gsoc-ideas/blob/master/2025/README.md,https://summerofcode.withgoogle.com/media/org/jitsi/p3456ygkk7vdq0or-360.png,State-of-the-art video conferencing
Joomla!,https://summerofcode.withgoogle.com/programs/2025/organizations/joomla,"['mysql', 'javascript', 'html', 'php', 'css']","['web', 'programming languages', 'web development', 'web applications', 'cms']",https://docs.joomla.org/GSoC_2025_Project_Ideas,https://summerofcode.withgoogle.com/media/org/joomla/dwntn9vfd52jkr9z.png,The flexible platform empowering website creators.
JSON Schema,https://summerofcode.withgoogle.com/programs/2025/organizations/json-schema,"['python', 'javascript', 'typescript', '.net', 'JSON Schema']","['web', 'apis', 'standards', 'data validation', 'developer tooling']",https://github.com/json-schema-org/community/blob/main/programs/mentoring/gsoc/gsoc-2025.md,https://summerofcode.withgoogle.com/media/org/json-schema/d3qfjxegxnlrfysi.png,We enable the reliable use of JSON data format.
KDE Community,https://summerofcode.withgoogle.com/programs/2025/organizations/kde-community,"['c++', 'qt', 'qml', 'data structures']","['education', 'science', 'applications', 'desktop environment']",https://community.kde.org/GSoC/2025/Ideas,https://summerofcode.withgoogle.com/media/org/kde-community/1mbnnsqwd2ejcmy8-360.png,Control your digital life
Keploy,https://summerofcode.withgoogle.com/programs/2025/organizations/keploy,"['python', 'golang', 'node', 'ai', 'MERN']","['AI/ML', 'API Testing', 'Dev Tool', 'Functional Testing', 'AI Testing Agent']",https://github.com/keploy/gsoc/tree/main/2025,https://summerofcode.withgoogle.com/media/org/keploy/txoec8qr8fyegtmv-360.png,"Unit, API test generation agent using AI & EBPF"
Kiwix,https://summerofcode.withgoogle.com/programs/2025/organizations/kiwix,"['python', 'c++', 'nodejs', 'kotlin', 'vue.js']","['offline', 'browser', 'compression']",https://kiwix.org/en/google-summer-of-code/,https://summerofcode.withgoogle.com/media/org/kiwix/b6zuffwiyoulh0ku-360.png,Internet content available offline.
Kornia,https://summerofcode.withgoogle.com/programs/2025/organizations/kornia,"['cuda', 'rust', 'deep learning', 'data science', 'Spatial AI']","['machine learning', 'artificial intelligence', 'robotics', 'computer vision', '3D Geometry']",https://github.com/kornia/kornia-rs/wiki/Google-Summer-of-Code-Ideas-2025,https://summerofcode.withgoogle.com/media/org/kornia/p4e366l478clqvvg-360.png,"Advancing Computer Vision & Spatial AI, Openly"
Kotlin Foundation,https://summerofcode.withgoogle.com/programs/2025/organizations/kotlin-foundation,"['gradle', 'kotlin', 'jvm', 'Parsers & Compilers', 'Multiplatform']","['compilers', 'programming languages', 'software development', 'libraries', 'Programming & Build Tools']",https://kotlinlang.org/docs/gsoc-2025.html,https://summerofcode.withgoogle.com/media/org/kotlin-foundation/2wyghqyy8nvvl4cq-360.png,Advance the Kotlin programming language
kro | Kube Resource Orchestrator,https://summerofcode.withgoogle.com/programs/2025/organizations/kro-kube-resource-orchestrator,"['prometheus', 'golang', 'kubernetes', 'controller-runtime', 'CEL']","['automation', 'kubernetes', 'configuration management', 'cloud native']",https://github.com/kro-run/kro/issues/288,https://summerofcode.withgoogle.com/media/org/kro-kube-resource-orchestrator/qf9flxp0iswvhnli-360.png,Simplify Kubernetes API and resource management.
Kubeflow,https://summerofcode.withgoogle.com/programs/2025/organizations/kubeflow,"['python', 'go', 'kubernetes', 'typescript', 'YAML']","['machine learning', 'kubernetes', 'AI/ML', 'generative AI']",https://www.kubeflow.org/events/gsoc-2025/,https://summerofcode.withgoogle.com/media/org/kubeflow/uqphmd1y7opxpjim-360.png,The Machine Learning Toolkit for Kubernetes (AI)
KubeVirt,https://summerofcode.withgoogle.com/programs/2025/organizations/kubevirt,"['golang', 'grpc']","['virtualization', 'containers', 'kubernetes']",https://github.com/kubevirt/community/wiki/Google-Summer-of-Code-2025,https://summerofcode.withgoogle.com/media/org/kubevirt/pqdi8ojm0atxoo1s-360.png,Building a virtualization API for Kubernetes
LabLua,https://summerofcode.withgoogle.com/programs/2025/organizations/lablua,"['lua', 'luarocks', 'kernel', 'lunatik', 'pallene']","['compilers', 'scripting languages', 'kernel scripting', 'statically-typed languages']",https://github.com/labluapucrio/gsoc,https://summerofcode.withgoogle.com/media/org/lablua/thpyrwywpx4z6p6s.png,Programming Language Research with emphasis on Lua
Learning Equality,https://summerofcode.withgoogle.com/programs/2025/organizations/learning-equality,"['python', 'javascript', 'django', 'vue.js']","['education', 'distributed databases', 'offline', 'learning']",https://docs.google.com/document/d/e/2PACX-1vT49WKgbsAIUoJ0jJS8LTWWm7UTByM0Pw3qt0KgyU_BShB1oGtZBkrEWuannFsRMVvGd0QBytZt8blh/pub,https://summerofcode.withgoogle.com/media/org/learning-equality/iptmmzjiktknrg9p-360.png,Building equity in education to transform lives
LibreOffice,https://summerofcode.withgoogle.com/programs/2025/organizations/libreoffice,"['python', 'java', 'c++']","['office suite', 'desktop application', 'end user application']",https://wiki.documentfoundation.org/Development/GSoC/Ideas,https://summerofcode.withgoogle.com/media/org/libreoffice/3g60m1gvsyzwzvvk-360.png,LibreOffice is a free and open source office suite
libssh,https://summerofcode.withgoogle.com/programs/2025/organizations/libssh,"['c', 'git', 'ci', 'ssh', 'sftp']","['security', 'cryptography']",https://www.libssh.org/development/google-summer-of-code/,https://summerofcode.withgoogle.com/media/org/libssh/kcfc8lhxh3uyozbu-360.png,The SSH library
Liquid Galaxy project,https://summerofcode.withgoogle.com/programs/2025/organizations/liquid-galaxy-project,"['linux', 'android', 'nodejs', 'flutter', 'Google Earth']","['visualization', 'artificial intelligence', 'networking', 'maps', 'ux']",https://www.liquidgalaxy.eu/2024/11/unique-post-for-gsoc-2025-at-liquid.html,https://summerofcode.withgoogle.com/media/org/liquid-galaxy-project/idbd8hebl6j7ajxn-360.png,We code immersive and interactive aps with G Earth
LLVM Compiler Infrastructure,https://summerofcode.withgoogle.com/programs/2025/organizations/llvm-compiler-infrastructure,"['llvm', 'c++', 'clang', 'mlir']","['compilers', 'development tools', 'libraries']",https://llvm.org/OpenProjects.html,https://summerofcode.withgoogle.com/media/org/llvm-compiler-infrastructure/ize6lrlftlvdxtqe-360.png,LLVM Compiler Infrastructure
Machine Learning for Science (ML4SCI),https://summerofcode.withgoogle.com/programs/2025/organizations/machine-learning-for-science-ml4sci,"['python', 'machine learning', 'c++', 'data analysis', 'artificial intelligence']","['machine learning', 'science and medicine', 'algorithms', 'physics', 'astronomy']",https://ml4sci.org/,https://summerofcode.withgoogle.com/media/org/machine-learning-for-science-ml4sci/rs5cxhuyh9dpwekt-360.png,Machine learning applications in science
MariaDB,https://summerofcode.withgoogle.com/programs/2025/organizations/mariadb,"['python', 'javascript', 'c/c++', 'perl', 'databases']","['Database Engines', 'SQL Features']",https://mariadb.com/kb/en/google-summer-of-code-2025/,https://summerofcode.withgoogle.com/media/org/mariadb/0nbzguld3ntsgeqv-360.png,The fastest growing Open Source Database
MBDyn,https://summerofcode.withgoogle.com/programs/2025/organizations/mbdyn,"['python', 'c++']","['robotics', 'scientific computing', 'multibody dynamics', 'aeroelasticity', 'Structural engineering']",https://public.gitlab.polimi.it/DAER/mbdyn/-/wikis/GSoc-Project-Ideas,https://summerofcode.withgoogle.com/media/org/mbdyn/ambfdghkrcyizd8l-360.png,Open Source Multibody Simulation
MDAnalysis,https://summerofcode.withgoogle.com/programs/2025/organizations/mdanalysis,"['python', 'cython', 'c/c++']","['science', 'computational-chemistry', 'high-performance-computing', 'molecular-simulation', 'machine-learning']",https://github.com/MDAnalysis/mdanalysis/wiki/GSoC-2025-Project-Ideas,https://summerofcode.withgoogle.com/media/org/mdanalysis/kf8rugznsqeskumi-360.png,Analysis of molecular simulations data with Python
Meshery,https://summerofcode.withgoogle.com/programs/2025/organizations/meshery,"['javascript', 'golang', 'kubernetes', 'visual design']","['collaboration', 'devops', 'Platform Engineering', 'cloud native infrastructure', 'infrastructure as design']",https://meshery.io/programs/gsoc/2025,https://summerofcode.withgoogle.com/media/org/meshery/4ywkbdszwd1sw2rq-360.png,"the extensible, collaborative, Kubernetes manager"
MetaBrainz Foundation Inc,https://summerofcode.withgoogle.com/programs/2025/organizations/metabrainz-foundation-inc,"['python', 'machine learning', 'perl', 'postgres', 'spark']","['machine learning', 'open data', 'music', 'books', 'music social network']",https://wiki.musicbrainz.org/Development/Summer_of_Code/2025,https://summerofcode.withgoogle.com/media/org/metabrainz-foundation-inc/m7lax42edddowwnl-360.png,"Open music / book metadata, music recommendations"
Micro Electronics Research Lab - UITU,https://summerofcode.withgoogle.com/programs/2025/organizations/micro-electronics-research-lab-uitu,"['RISCV', 'Processor', 'Hardware', 'systemonchip', 'memory']","['iot', 'embedded', 'Processor', 'System on Chip', 'RISC-V']",https://github.com/merledu/Google-Summer-of-Code/wiki/GSoC'25-Project-Ideas-List,https://summerofcode.withgoogle.com/media/org/micro-electronics-research-lab-uitu/el9byq6f4dfc1y77-360.png,Accelerating Engineering Innovation
MIT App Inventor,https://summerofcode.withgoogle.com/programs/2025/organizations/mit-app-inventor,"['javascript', 'java', 'gwt', 'swift']","['education', 'development tools', 'android', 'ios']",https://github.com/mit-cml/appinventor-sources/wiki/Google-Summer-of-Code-2025,https://summerofcode.withgoogle.com/media/org/mit-app-inventor/8ppq0spvr3j3gx8q-360.png,Anyone can build apps with global impact
Mixxx,https://summerofcode.withgoogle.com/programs/2025/organizations/mixxx,"['javascript', 'c++', 'qt', 'pytorch', 'onnx']","['music', 'dj', 'streaming']",https://github.com/mixxxdj/mixxx/wiki/GSOC-2025-Ideas,https://summerofcode.withgoogle.com/media/org/mixxx/ivlj1kl8jabpmfs9-360.png,DJ Mixing App With Powerful Features For All DJs
National Resource for Network Biology (NRNB),https://summerofcode.withgoogle.com/programs/2025/organizations/national-resource-for-network-biology-nrnb,"['python', 'javascript', 'json', 'html', 'css']","['machine learning', 'web application', 'data science', 'scientific computing', 'network biology']",https://github.com/nrnb/GoogleSummerOfCode/issues,https://summerofcode.withgoogle.com/media/org/national-resource-for-network-biology-nrnb/5uobjboaxnzrxyoj-360.png,Developing open source tools for network biology
Neovim,https://summerofcode.withgoogle.com/programs/2025/organizations/neovim,"['c', 'lua']","['ai', 'editor', 'text-editor']",https://github.com/neovim/neovim/wiki/Google-Summer-of-Code#gsoc-ideas-2025,https://summerofcode.withgoogle.com/media/org/neovim/wsjrusphcrjmo5tf-360.png,hyperextensible Vim-based text editor
Neuroinformatics Unit,https://summerofcode.withgoogle.com/programs/2025/organizations/neuroinformatics-unit,"['python', 'numpy', 'pytorch', 'Scipy', 'napari']","['visualization', 'neuroscience', 'data-science', 'Computer-Vision', 'neuroanatomy']",https://neuroinformatics.dev/get-involved/gsoc,https://summerofcode.withgoogle.com/media/org/neuroinformatics-unit/ebzgcbxkxvbe9igk.png,Open-source tools for neuroscience and ML
NumFOCUS,https://summerofcode.withgoogle.com/programs/2025/organizations/numfocus,"['python', 'c++', 'r', 'julia']","['data science', 'graphics', 'ai', 'scientific computing', 'numerical computation']",https://github.com/numfocus/gsoc/blob/master/2025/ideas-list.md,https://summerofcode.withgoogle.com/media/org/numfocus/wimcwc2v6kjlidqc-360.png,NumFOCUS promotes open source scientific software.
omegaUp,https://summerofcode.withgoogle.com/programs/2025/organizations/omegaup,"['python', 'mysql', 'php', 'typescript', 'vue.js']","['education', 'web', 'cloud', 'edtech', 'UX/UI']",https://github.com/omegaup/omegaup/wiki/Google-Summer-of-Code-2025,https://summerofcode.withgoogle.com/media/org/omegaup/uvgilx7vyspavjox-360.png,Open CS Education as a catalyst for social change
Open Climate Fix,https://summerofcode.withgoogle.com/programs/2025/organizations/open-climate-fix,"['python', 'pytorch']","['Forecasting', 'Climate', 'renewables']",https://docs.google.com/document/d/1nh6pdIjCTSLWwgFhgIV1gpG8CbIqGyoCFDHOfWmKdwA/edit?usp=sharing,https://summerofcode.withgoogle.com/media/org/open-climate-fix/k4retnlmzqbkc6bn-360.png,Using Computers to Fix Climate Change
Open Food Facts,https://summerofcode.withgoogle.com/programs/2025/organizations/open-food-facts,"['python', 'javascript', 'machine learning', 'perl', 'flutter']","['open data', 'health', 'environment', 'mobile', 'food']",https://wiki.openfoodfacts.org/GSOC/2025_ideas_list,https://summerofcode.withgoogle.com/media/org/open-food-facts/ypo4wfmbo5ueujuf-360.png,Better food choices for your health & the planet
Open HealthCare Network,https://summerofcode.withgoogle.com/programs/2025/organizations/open-healthcare-network,"['python', 'django', 'react', 'typescript', 'NextJs']","['electronic medical records', 'Digital Public Goods', 'Telemedicine and Remote Care', 'AI in Health', 'HMIS']",https://contributors.ohc.network/projects,https://summerofcode.withgoogle.com/media/org/open-healthcare-network/eutslgqeknc9vlgd-360.png,Reimagining Healthcare Delivery
Open Robotics,https://summerofcode.withgoogle.com/programs/2025/organizations/open-robotics,"['ros', 'gazebo', 'ignition', 'Open-RMF']","['robotics', 'simulation', 'fleet management']",https://github.com/osrf/osrf_wiki/wiki/GSoC25,https://summerofcode.withgoogle.com/media/org/open-robotics/6pg3nwfpieq1qmqw-360.png,Open source software for robotics
Open Science Initiative for Perfusion Imaging,https://summerofcode.withgoogle.com/programs/2025/organizations/open-science-initiative-for-perfusion-imaging,"['python', 'github']","['artificial intelligence', 'data visualization', 'data analysis', 'medical imaging', 'reproducible science']",https://docs.google.com/document/d/e/2PACX-1vSuYh57hsLUXbmrA5tozX4Ucne0sRXnmFt5xBA88gzDZJKZYD4-Bq04J9acer2d_i6NP6xhimmz4m5i/pub,https://summerofcode.withgoogle.com/media/org/open-science-initiative-for-perfusion-imaging/bxlqptrs5g0ovtqz-360.png,Open access resources for perfusion imaging
Open Science Labs,https://summerofcode.withgoogle.com/programs/2025/organizations/open-science-labs,"['python', 'javascript', 'c++', 'docker', 'AST']","['devops', 'devtools', 'open-science']",https://opensciencelabs.org/opportunities/gsoc/project-ideas/,https://summerofcode.withgoogle.com/media/org/open-science-labs/rjv8l7mrkiwlv9ab-360.png,The community open to science and technology.
Open Technologies Alliance - GFOSS,https://summerofcode.withgoogle.com/programs/2025/organizations/open-technologies-alliance-gfoss,"['javascript', 'c/c++', 'nodejs', 'python 3', 'Machine Learning (ML)']","['web', 'robotics', 'open hardware', 'c++', 'Artificial Inteligence']",https://ellak.gr/wiki/index.php?title=Google_Summer_of_Code_2025_proposed_ideas,https://summerofcode.withgoogle.com/media/org/open-technologies-alliance-gfoss/kiyijull8pfdypve-360.png,Promote Open Standards and Open Source
Open Transit Software Foundation,https://summerofcode.withgoogle.com/programs/2025/organizations/open-transit-software-foundation,"['android', 'java', 'golang', 'docker', 'ios']","['ai', 'apps', 'Transit', 'travel', 'bus']",https://opentransitsoftwarefoundation.org/2025/01/google-summer-of-code-2025-project-ideas/,https://summerofcode.withgoogle.com/media/org/open-transit-software-foundation/uz3p7k5vsxduhrhk-360.png,Help make public transit better
OpenAFS,https://summerofcode.withgoogle.com/programs/2025/organizations/openafs,"['c', 'python', 'javascript', 'git', 'tcp/udp']","['testing', 'kernel', 'network', 'storage', 'filesystems']",https://www.openafs.org/gsoc/project-ideas.html,https://summerofcode.withgoogle.com/media/org/openafs/hhf0h2zemmqes7kt-360.png,An opensource distributed filesystem product.
OpenAstronomy,https://summerofcode.withgoogle.com/programs/2025/organizations/openastronomy,"['c', 'python', 'c++', 'julia']","['image processing', 'astronomy', 'data analysis', 'solar physics', 'high energy astrophysics']",https://openastronomy.org/gsoc/gsoc2025/#/projects,https://summerofcode.withgoogle.com/media/org/openastronomy/3wvadxwxjc2arepg-360.png,Look at the Universe with the power of Open Source
OpenCV,https://summerofcode.withgoogle.com/programs/2025/organizations/opencv,"['python', 'c++', 'deep learning', 'ai']","['robotics', 'computer vision', 'ai', 'deep learning']",https://github.com/opencv/opencv/wiki/GSoC_2025,https://summerofcode.withgoogle.com/media/org/opencv/fmh9fnybaz97kodm-360.png,++ beneficial uses of computer vision in society
OpenELIS Global,https://summerofcode.withgoogle.com/programs/2025/organizations/openelis-global,"['postgresql', 'javascript', 'java', 'react', 'spring']","['Health Care', 'Laboratory Information System']",https://uwdigi.atlassian.net/wiki/spaces/OG/pages/321224705/GSoC+2025,https://summerofcode.withgoogle.com/media/org/openelis-global/k6rnzk3hcktzabst-360.png,Empowering  labs to Ensure Quality Health Care
OpenMRS,https://summerofcode.withgoogle.com/programs/2025/organizations/openmrs,"['mysql', 'javascript', 'java', 'reactjs', 'fhir']","['platform', 'frontend', 'Electronic Medical Record System', 'QA automation']",https://openmrs.atlassian.net/wiki/spaces/RES/pages/322404353/Summer+of+Code+2025,https://summerofcode.withgoogle.com/media/org/openmrs/evthgp3dhsqx5kyx-360.png,"Write Code, Save Lives."
OpenMS,https://summerofcode.withgoogle.com/programs/2025/organizations/openms,"['python', 'cython', 'c++', 'r', 'pytorch']","['automation', 'deep learning', 'algorithms', 'webdev']",https://www.openms.org/news/gsoc2025/,https://summerofcode.withgoogle.com/media/org/openms/fwdw8iqmudobrij3-360.png,OpenMS GSoC: Advancing Algorithms & AI for Biomedical Insights
OpenStreetMap,https://summerofcode.withgoogle.com/programs/2025/organizations/openstreetmap,"['python', 'javascript', 'java', 'c++', 'rust']","['databases', 'web', 'ui', 'geodata']",https://wiki.openstreetmap.org/wiki/Google_Summer_of_Code/2025/Project_ideas,https://summerofcode.withgoogle.com/media/org/openstreetmap/ihw4tczyumj0yx81-360.png,Create and distribute free geodata for the world
openSUSE Project,https://summerofcode.withgoogle.com/programs/2025/organizations/opensuse-project,"['python', 'c/c++', 'go', 'ruby', 'reactjs javascript']","['AIML', 'operating system developer tools', 'containers kubernetes', 'Security Cryptography', 'systems management']",https://github.com/openSUSE/mentoring/issues,https://summerofcode.withgoogle.com/media/org/opensuse-project/zq11ebxj038xotbe-360.png,"Makers' choice for sysadmins, developers & users"
OpenVINO Toolkit,https://summerofcode.withgoogle.com/programs/2025/organizations/openvino-toolkit,"['python', 'c++', 'arm', 'x86']","['ai', 'deep learning', 'neural network', 'inference', 'gen ai']",https://github.com/openvinotoolkit/openvino/wiki/Google-Summer-Of-Code#project-ideas-for-2025,https://summerofcode.withgoogle.com/media/org/openvino-toolkit/ivzvok335ujezk2z-360.png,Make AI inference faster and easier to deploy!
OpenWISP,https://summerofcode.withgoogle.com/programs/2025/organizations/openwisp,"['python', 'javascript', 'django', 'lua', 'openwrt']","['networking', 'network management system', 'wifi', 'vpn', 'sdn']",https://openwisp.io/docs/dev/developer/gsoc-ideas-2025.html,https://summerofcode.withgoogle.com/media/org/openwisp/xgfy0r7femccwzvj-360.png,The Hackable Network Management System
Oppia Foundation,https://summerofcode.withgoogle.com/programs/2025/organizations/oppia-foundation,"['python', 'google app engine', 'angular', 'typescript', 'Apache Beam']","['education', 'web', 'ai', 'nonprofit', 'social impact']",https://github.com/oppia/oppia/wiki/Google-Summer-of-Code-2025#oppias-project-ideas-list,https://summerofcode.withgoogle.com/media/org/oppia-foundation/nqvgy9fm3aqshwtv-360.png,"Free platform for interactive, tutor-like lessons"
Organic Maps,https://summerofcode.withgoogle.com/programs/2025/organizations/organic-maps,"['android', 'java', 'c++', 'ios', 'OpenStreetMap']","['privacy', 'maps', 'navigation', 'mobile', 'offline']",https://github.com/organicmaps/organicmaps/wiki/GSoC-2025-ideas,https://summerofcode.withgoogle.com/media/org/organic-maps/cnhed0elppzqsjut-360.png,"Offline maps app for tourists, cyclers & hikers"
OSGeo (Open Source Geospatial Foundation),https://summerofcode.withgoogle.com/programs/2025/organizations/osgeo-open-source-geospatial-foundation,"['c', 'python', 'javascript', 'java', 'c++']","['open science', 'gis', 'citizen science', 'geolocation', 'mapping']",https://wiki.osgeo.org/wiki/Google_Summer_of_Code_2025_Ideas,https://summerofcode.withgoogle.com/media/org/osgeo-open-source-geospatial-foundation/yundulx00fbd1akm-360.png,The Open Source Geospatial Foundation
OWASP Foundation,https://summerofcode.withgoogle.com/programs/2025/organizations/owasp-foundation,"['python', 'javascript', 'java', 'ZAP', 'Juice Shop']","['web', 'cloud', 'application security', 'cybersecurity', 'DevSecOps']",https://owasp.org/www-community/initiatives/gsoc/gsoc2025ideas,https://summerofcode.withgoogle.com/media/org/owasp-foundation/haks8qbp0yvjvzge-360.png,No more insecure software.
PAL Robotics,https://summerofcode.withgoogle.com/programs/2025/organizations/pal-robotics,"['python', 'javascript', 'c++']","['robotics', 'reinforcement learning', 'web tools']",https://pal-robotics.com/2025-google-summer-code-proposals/#tips-successful-gsoc,https://summerofcode.withgoogle.com/media/org/pal-robotics/f3yidefsydweipcc-360.png,Enhance peopleâs quality of life through Robotics
PEcAn Project,https://summerofcode.withgoogle.com/programs/2025/organizations/pecan-project,"['r', 'docker', 'api', 'geospatial']","['data science', 'ecosystem models', 'scientific visualization', 'climate science', 'Ecological Forecasting', '']",https://pecanproject.github.io/gsoc_ideas,https://summerofcode.withgoogle.com/media/org/pecan-project/kijyzllr7r1g0ukz-360.png,Develop and promote tools for ecosystem modeling
Pharo Consortium,https://summerofcode.withgoogle.com/programs/2025/organizations/pharo-consortium,"['git', 'smalltalk', 'pharo', 'spec', 'SUnit']","['machine learning', 'programming languages', 'virtual machines', 'Modelling', 'Live music']",https://gsoc.pharo.org/ideas,https://summerofcode.withgoogle.com/media/org/pharo-consortium/zrxygkl3ycuvw6nb-360.png,Modern and immersive programming language
Plone Foundation,https://summerofcode.withgoogle.com/programs/2025/organizations/plone-foundation,"['python', 'javascript', 'react']","['web', 'cms']",https://plone.org/community/gsoc/2025,https://summerofcode.withgoogle.com/media/org/plone-foundation/wivpatiziuhidzjw-360.png,"Python-based CMS, with React front-end."
PostgreSQL,https://summerofcode.withgoogle.com/programs/2025/organizations/postgresql,"['c', 'python', 'postgresql', 'javascript', 'go']","['web', 'database', 'ui', 'sql', 'Benchmark']",https://wiki.postgresql.org/wiki/GSoC_2025,https://summerofcode.withgoogle.com/media/org/postgresql/hj9srl9x0o6iendy-360.png,The Most Advanced Open Source Relational Database
Processing Foundation,https://summerofcode.withgoogle.com/programs/2025/organizations/processing-foundation,"['javascript', 'java', 'typescript', 'webgl', 'GitHub Actions']","['education', 'web', 'graphics', 'creative coding', 'design']",https://github.com/processing/Processing-Foundation-GSoC/wiki/Project-Ideas-List-(GSoC-2025),https://summerofcode.withgoogle.com/media/org/processing-foundation/xr2sncljbvtlop1n-360.png,To empower all people to learn to program
Project Mesa,https://summerofcode.withgoogle.com/programs/2025/organizations/project-mesa,"['python', 'ui/ux', 'LLMs', 'Vector Operations']","['Agent Based Models', 'Generative Science']",https://github.com/projectmesa/mesa/wiki/Google-Summer-of-Code-2025,https://summerofcode.withgoogle.com/media/org/project-mesa/fh3o8surszufvjpv-360.png,Mesa: Agent-based modeling in Python 3+
Prometheus-Operator,https://summerofcode.withgoogle.com/programs/2025/organizations/prometheus-operator,"['prometheus', 'go', 'kubernetes', 'kubernetes operators']","['monitoring', 'cloud', 'observability', 'Kubernetes Operator']",https://github.com/prometheus-operator/community/blob/main/mentoring/gsoc/2025/project_ideas.md,https://summerofcode.withgoogle.com/media/org/prometheus-operator/dpytdkpyfejrot7o-360.png,Managing Prometheus atop Kubernetes
Python Software Foundation,https://summerofcode.withgoogle.com/programs/2025/organizations/python-software-foundation,"['python', 'javascript']","['security', 'visualization', 'compiler', 'modeling', 'Backup']",https://python-gsoc.org/ideas.html,https://summerofcode.withgoogle.com/media/org/python-software-foundation/2vpxhpvcsvgyx3kg-360.png,A programming language used for science & more
QC-Devs,https://summerofcode.withgoogle.com/programs/2025/organizations/qc-devs,"['python', 'github', 'c++', 'julia', 'jupyter']","['data science', 'scientific visualization', 'quantum chemistry', 'Computational Science', 'numerical algorithms']",https://qcdevs.org/join/qcdevs_gsoc/,https://summerofcode.withgoogle.com/media/org/qc-devs/nywcx8edxlpsz2kg-360.png,Sustainable software for quantum chemistry & more
QEMU,https://summerofcode.withgoogle.com/programs/2025/organizations/qemu,"['c', 'python', 'linux', 'rust']","['systems programming', 'kernel', 'compiler', 'emulator', 'hypervisor']",https://wiki.qemu.org/Google_Summer_of_Code_2025,https://summerofcode.withgoogle.com/media/org/qemu/gik5gsxljb3j1jx1-360.png,Open source machine emulator and virtualizer
R project for statistical computing,https://summerofcode.withgoogle.com/programs/2025/organizations/r-project-for-statistical-computing,"['c', 'javascript', 'c++', 'r-project', 'fortran']","['visualization', 'machine learning', 'data science', 'graphics', 'statistics']",https://github.com/rstats-gsoc/gsoc2025/wiki/table-of-proposed-coding-projects,https://summerofcode.withgoogle.com/media/org/r-project-for-statistical-computing/7regeqcjh95nenso-360.png,R software for statistical computing & graphics
Rizin,https://summerofcode.withgoogle.com/programs/2025/organizations/rizin,"['c', 'python', 'go', 'c++', 'qt']","['reverse engineering', 'computer security', 'debugging', 'emulation', 'disassembly']",https://rizin.re/gsoc/2025/,https://summerofcode.withgoogle.com/media/org/rizin/7ageygqfyv7wzlee-360.png,Rizin reverse engineering framework and toolset
rocket.chat,https://summerofcode.withgoogle.com/programs/2025/organizations/rocketchat,"['javascript', 'typescript', 'node', 'LLM', 'generative ai']","['communications', 'messaging', 'group chat', 'Team Collaboration', 'Chat platform']",https://github.com/RocketChat/google-summer-of-code/blob/main/google-summer-of-code-2025.md#-project-ideas,https://summerofcode.withgoogle.com/media/org/rocketchat/qnog9kebwa9atw3l-360.png,Open source communications platform for the AI age
Rspamd,https://summerofcode.withgoogle.com/programs/2025/organizations/rspamd,"['c', 'lua', 'c++', 'rust', 'clickhouse']","['email', 'spam filtering']",https://rspamd.com/gsoc2025_ideas.html,https://summerofcode.withgoogle.com/media/org/rspamd/d2hi7vv5bavik21s-360.png,Rspamd is an email framework and spam filter
RTEMS Project,https://summerofcode.withgoogle.com/programs/2025/organizations/rtems-project,"['python', 'c/c++', 'assembly', 'posix']","['kernel', 'embedded', 'real-time', 'multicore', 'rtos']",https://projects.rtems.org/gsoc/,https://summerofcode.withgoogle.com/media/org/rtems-project/mo975scxu6bi0bfj-360.png,A real-time operating system for Earth & Space
SageMath,https://summerofcode.withgoogle.com/programs/2025/organizations/sagemath,"['python', 'cython']","['mathematics', 'education', 'research']",https://wiki.sagemath.org/GSoC/2025,https://summerofcode.withgoogle.com/media/org/sagemath/1tcj7svgwadc13cj-360.png,Open-source mathematics software system
Scala Center,https://summerofcode.withgoogle.com/programs/2025/organizations/scala-center,"['scala', 'scala.js', 'scala native']","['education', 'compilers', 'tooling']",https://github.com/scalacenter/GoogleSummerOfCode,https://summerofcode.withgoogle.com/media/org/scala-center/f5qjbrwguri7g3sv-360.png,Guide and support the Scala community
ScummVM,https://summerofcode.withgoogle.com/programs/2025/organizations/scummvm,"['python', 'opengl', 'c++', 'assembly', 'php']","['games', 'game engines', 'software preservation', 'software archeology']",https://www.scummvm.org/gsoc-2025-ideas,https://summerofcode.withgoogle.com/media/org/scummvm/bnok4srtehdy3fbj-360.png,Adventure and RPG preservation project
Society for Arts and Technology (SAT),https://summerofcode.withgoogle.com/programs/2025/organizations/society-for-arts-and-technology-sat,"['python', 'javascript', 'c++', 'qt', 'esp32']","['computer vision', 'graphics', 'multimedia', 'Telepresence', 'digital arts']",https://sat-mtl.gitlab.io/collaborations/google-summer-of-code/categories/ideas/,https://summerofcode.withgoogle.com/media/org/society-for-arts-and-technology-sat/pkgrduycyoh0wxmf-360.png,Technological tools for creativity and industry
Software and Computational Systems Lab at LMU Munich,https://summerofcode.withgoogle.com/programs/2025/organizations/software-and-computational-systems-lab-at-lmu-munich,"['python', 'javascript', 'java', 'grpc', 'Quarkus']","['cloud', 'software verification', 'benchmarking', 'program analysis', 'SAT & SMT solving']",https://www.sosy-lab.org/gsoc/gsoc2025.php,https://summerofcode.withgoogle.com/media/org/software-and-computational-systems-lab-at-lmu-munich/kcrheiieoyvdm0r7-360.png,Algorithms and Tooling for Software Verification
SQLancer,https://summerofcode.withgoogle.com/programs/2025/organizations/sqlancer,"['java', 'sql']","['fuzzing', 'Automated Testing', 'Logic bugs', 'Database systems']",https://github.com/sqlancer/sqlancer/wiki/GSoC-2025-Ideas,https://summerofcode.withgoogle.com/media/org/sqlancer/hzunjobwazuptdb6.png,Automatically testing database systems
St. Jude Children's Research Hospital,https://summerofcode.withgoogle.com/programs/2025/organizations/st-jude-childrens-research-hospital-ai,"['rust', 'WDL']","['programming languages', 'genomics', 'developer tools', 'cloud']",https://docs.google.com/document/d/1ze8OpsltCbAkksjmhd3hCeS6VDqAaolAhWAQQRJZBpc/edit?tab=t.0,https://summerofcode.withgoogle.com/media/org/st-jude-childrens-research-hospital-ai/qnfe4pckkvrq5tfw-360.png,Find cures. Saving children.
stdlib,https://summerofcode.withgoogle.com/programs/2025/organizations/stdlib,"['c', 'javascript', 'node.js', 'typescript', 'webassembly']","['mathematics', 'web', 'scientific computing', 'numerical computing', 'statistics']",https://github.com/stdlib-js/google-summer-of-code/blob/main/ideas.md,https://summerofcode.withgoogle.com/media/org/stdlib/7ornclj6w5zz9fca-360.png,The fundamental numerical library for JavaScript
Ste||ar group,https://summerofcode.withgoogle.com/programs/2025/organizations/stear-group,"['c++', 'hpc']","['library', 'optimization', 'parallel algorithms', 'hpx', 'application']",https://github.com/STEllAR-GROUP/hpx/wiki/Google-Summer-of-Code-%28GSoC%29-2025#2025-hpx-project-ideas,https://summerofcode.withgoogle.com/media/org/stear-group/sebxbtinyakvrevb-360.png,Shaping a Scalable Future
Stichting SU2,https://summerofcode.withgoogle.com/programs/2025/organizations/stichting-su2,"['python', 'c++']","['aerodynamics', 'Computational Fluid Dynamics', 'Multi-Disciplinary Optimization', 'Adjoint Design Optimization', 'Fluid Dynamics']",https://www.cfd-online.com/Forums/su2-news-announcements/259420-gsoc-2025-projects.html,https://summerofcode.withgoogle.com/media/org/stichting-su2/vexbqtmew7yd92hp-360.png,Computational Fluid Dynamics and Optimization
Sugar Labs,https://summerofcode.withgoogle.com/programs/2025/organizations/sugar-labs,"['python', 'gtk', 'typescript', 'javascipt', 'LLM']","['education', 'programming languages', 'games', 'desktop', 'generative AI']",https://github.com/sugarlabs/GSoC/blob/master/Ideas-2025.md,https://summerofcode.withgoogle.com/media/org/sugar-labs/pgbt7fp6gr6lhihd-360.png,Learning software for children
SW360,https://summerofcode.withgoogle.com/programs/2025/organizations/sw360,"['java', 'react', 'couchdb', 'SpringBoot']","['license compliance', 'compliance automation', 'SBOM', 'component repository', 'vulnerabilities management']",https://eclipse.dev/sw360/gsoc/gsoc-projects-2025/,https://summerofcode.withgoogle.com/media/org/sw360/scylub8cx6f9mkzk-360.png,Software supply chain management done right !
Swift,https://summerofcode.withgoogle.com/programs/2025/organizations/swift,"['c++', 'cmake', 'swift']","['compilers', 'cross-platform', 'Packages', 'Server development', 'Standard Libraries']",https://www.swift.org/gsoc2025/,https://summerofcode.withgoogle.com/media/org/swift/moutmu5fv3rozvrz-360.png,"Fast, safe, and expressive programming language"
SymPy,https://summerofcode.withgoogle.com/programs/2025/organizations/sympy,"['python', 'numpy', 'jupyter']","['mathematics', 'physics', 'symbolic mathematics']",https://github.com/sympy/sympy/wiki/GSoC-Ideas,https://summerofcode.withgoogle.com/media/org/sympy/iz2tcxocrknp1sm0-360.png,SymPy is a Python library for symbolic mathematics
Synfig,https://summerofcode.withgoogle.com/programs/2025/organizations/synfig,"['python', 'c++', 'gtk', 'gtkmm']","['2d/3d graphics', 'animation', 'vector graphics']",https://github.com/synfig/synfig-docs-dev/blob/master/docs/gsoc/2025/ideas.rst,https://summerofcode.withgoogle.com/media/org/synfig/ohcj3eigerib4jym-360.png,Open-source 2D animation software
TARDIS RT Collaboration,https://summerofcode.withgoogle.com/programs/2025/organizations/tardis-rt-collaboration,"['python', 'numba', 'numpy', 'jupyter', 'pandas']","['visualization', 'big data', 'simulation', 'astrophysics']",https://tardis-sn.github.io/summer_of_code/ideas/,https://summerofcode.withgoogle.com/media/org/tardis-rt-collaboration/0ocxr3jw3fwdloye-360.png,Exploring supernovae made easy
The FreeBSD Project,https://summerofcode.withgoogle.com/programs/2025/organizations/the-freebsd-project,"['c', 'llvm', 'assembly', 'make', 'POSIX shell']","['virtualization', 'operating system', 'Embedded System']",https://wiki.freebsd.org/SummerOfCodeIdeas,https://summerofcode.withgoogle.com/media/org/the-freebsd-project/4jmspor6mcto9wti-360.png,An OS for servers to embedded devices
The Honeynet Project,https://summerofcode.withgoogle.com/programs/2025/organizations/the-honeynet-project,"['python', 'javascript', 'django', 'go', 'docker']","['honeypots', 'malware analysis', 'Threat Intelligence']",https://www.honeynet.org/gsoc/gsoc-2025/google-summer-of-code-2025-project-ideas/,https://summerofcode.withgoogle.com/media/org/the-honeynet-project/pvycoc21p2ketj7b-360.png,Honeypots and Threat Intelligence R&D
The JPF team,https://summerofcode.withgoogle.com/programs/2025/organizations/the-jpf-team-hg,"['android', 'java', 'distributed systems', 'jvm']","['model checking', 'symbolic execution', 'verification of concurrent systems', 'program analysis', 'test input generation']",https://github.com/javapathfinder/jpf-core/wiki/GSoC-2025-Project-Ideas,https://summerofcode.withgoogle.com/media/org/the-jpf-team-hg/rvqtnz4hyojrfgvw.png,JPF is a Java VM used to verify and debug software
The Julia Language,https://summerofcode.withgoogle.com/programs/2025/organizations/the-julia-language,"['machine learning', 'julia', 'data science', 'compilers', 'garbage-collection']","['math', 'artificial intelligence', 'science', 'data science', 'graphs']",https://julialang.org/jsoc/projects/,https://summerofcode.withgoogle.com/media/org/the-julia-language/49fck3n7j5aqnpwu-360.png,A fresh approach to technical computing
The Linux Foundation,https://summerofcode.withgoogle.com/programs/2025/organizations/the-linux-foundation,"['c', 'linux', 'cups', 'ai', 'fuzz-testing']","['kernel', 'automotive', 'printing', 'iio', 'zephyr']",https://wiki.linuxfoundation.org/gsoc/google-summer-code-2025,https://summerofcode.withgoogle.com/media/org/the-linux-foundation/ydeu9rliawhe6of9-360.png,Non-profit consortium fostering growth of Linux
The Mifos Initiative,https://summerofcode.withgoogle.com/programs/2025/organizations/the-mifos-initiative,"['android', 'java', 'kotlin', 'spring', 'angular']","['artificial intelligence', 'cloud', 'fintech', 'financial inclusion', 'mobile banking']",https://mifosforge.jira.com/wiki/spaces/RES/pages/4271669249/Google+Summer+of+Code+2025+Ideas,https://summerofcode.withgoogle.com/media/org/the-mifos-initiative/etmiqn0lkvfxvm5p-360.png,End Poverty One Line of Code at a Time
The NetBSD Foundation,https://summerofcode.withgoogle.com/programs/2025/organizations/the-netbsd-foundation,"['c', 'shell script', 'make', 'unix', 'bsd']","['kernel', 'packaging', 'userland', 'unix', 'bsd']",https://wiki.NetBSD.org/projects/gsoc/,https://summerofcode.withgoogle.com/media/org/the-netbsd-foundation/gi3vozsqpecopqku-360.png,Of course it runs NetBSD
The ns-3 Network Simulator Project,https://summerofcode.withgoogle.com/programs/2025/organizations/the-ns-3-network-simulator-project,"['python', 'django', 'c++']","['computer networking', 'network simulation']",https://www.nsnam.org/wiki/GSOC2025Projects,https://summerofcode.withgoogle.com/media/org/the-ns-3-network-simulator-project/0zmaec44y4jcfuj2-360.png,ns-3 is a simulation tool for computer networks.
The P4 Language Consortium,https://summerofcode.withgoogle.com/programs/2025/organizations/the-p4-language-consortium,"['llvm', 'c++', 'mlir', 'ebpf', 'Z3']","['networking', 'programming language', 'compiler', 'AI/ML Networking', 'networking security']",https://github.com/p4lang/gsoc/blob/main/2025/ideas_list.md,https://summerofcode.withgoogle.com/media/org/the-p4-language-consortium/tru8mncy4zqlbxhe.png,Evolve the programmable data plane ecosystem!
The Palisadoes Foundation,https://summerofcode.withgoogle.com/programs/2025/organizations/the-palisadoes-foundation,"['python', 'postgresql', 'flutter', 'graphql', 'typescript']","['web', 'api', 'networking', 'ai', 'mobile']",https://developer.palisadoes.org/docs/internships/gsoc/gsoc-ideas,https://summerofcode.withgoogle.com/media/org/the-palisadoes-foundation/d9zsxo0idjsl7kug-360.png,Social media and member management for non-profits
The Rust Foundation,https://summerofcode.withgoogle.com/programs/2025/organizations/the-rust-foundation,"['python', 'rust']","['compilers', 'programming languages']",https://github.com/rust-lang/google-summer-of-code,https://summerofcode.withgoogle.com/media/org/the-rust-foundation/pplrhxvka7dufvsn.png,A language empowering everyone
The Tor Project,https://summerofcode.withgoogle.com/programs/2025/organizations/the-tor-project,"['c', 'python', 'web', 'rust']","['security', 'privacy', 'anti-censorship', 'Human Rights', 'Surveillance']",https://gitlab.torproject.org/tpo/team/-/wikis/GSoC,https://summerofcode.withgoogle.com/media/org/the-tor-project/1w40vc9lqddvbfoa-360.png,Defend yourself against tracking and surveillance.
Typelevel,https://summerofcode.withgoogle.com/programs/2025/organizations/typelevel,"['linux', 'node.js', 'jvm', 'scala', 'wasm']","['web', 'functional programming', 'cloud', 'AI/ML', 'cats']",https://typelevel.org/gsoc/ideas,https://summerofcode.withgoogle.com/media/org/typelevel/hxlcctbqekguxcxx.png,We do functional programming together
UC OSPO,https://summerofcode.withgoogle.com/programs/2025/organizations/uc-ospo,"['python', 'javascript', 'c/c++', 'machine learning', 'VLSI']","['education', 'bioinformatics', 'hardware', 'data science', 'AI/ML']",https://ucsc-ospo.github.io/osre25/#projects,https://summerofcode.withgoogle.com/media/org/center-for-research-in-open-source-software-cross/ndbkr7fqcqp4nguq-360.png,Amplifying Research Impact through Open Source
"Unicode, Inc.",https://summerofcode.withgoogle.com/programs/2025/organizations/unicode-inc,"['java', 'c++', 'rust', 'unicode']","['compilers', 'linguistics', 'languages', 'internationalization']",https://docs.google.com/document/u/2/d/e/2PACX-1vQbj0-VFkRjYdnivuPPXuHM3IW4LuHxK6E0LVO3O8ZU_-k8CYH_eFMZ_IwFg_r-oBw3FCEOmHCb5jrn/pub,https://summerofcode.withgoogle.com/media/org/unicode-inc/cev3zg8tjatag4mt.png,Bringing internationalization to software!
Unikraft,https://summerofcode.withgoogle.com/programs/2025/organizations/unikraft,"['c', 'xen', 'golang', 'kvm', 'assembly language']","['virtualization', 'cloud', 'software reuse', 'software configurability']",https://github.com/unikraft/gsoc/blob/staging/gsoc-2025/ideas.md,https://summerofcode.withgoogle.com/media/org/unikraft/5nx7anuq3iixdm54.png,A Fast and Secure Unikernel SDK
Uramaki LAB,https://summerofcode.withgoogle.com/programs/2025/organizations/uramaki-lab,"['python', 'javascript', 'html', 'css', 'Firebase']","['user experience', 'Usability', 'User Evaluation', 'Eye Tracking', 'Sentimental Analysis']",https://github.com/ruxailab/gsoc/blob/main/ideas2025.md,https://summerofcode.withgoogle.com/media/org/uramaki-lab/pr3ivuk0zg7lhgj1-360.png,The User Experience LAB based on IA
VideoLAN,https://summerofcode.withgoogle.com/programs/2025/organizations/videolan,"['c', 'c++', 'qt', 'assembly', 'video']","['audio', 'streaming', 'video', 'codecs', 'media database']",https://wiki.videolan.org/SoC_2025/,https://summerofcode.withgoogle.com/media/org/videolan/9h28hsncvrt01voz-360.png,Open Source Multimedia for everyone!
Wagtail,https://summerofcode.withgoogle.com/programs/2025/organizations/wagtail,"['python', 'javascript', 'django']","['web', 'accessibility', 'cms']",https://github.com/wagtail/gsoc/blob/main/project-ideas.md,https://summerofcode.withgoogle.com/media/org/wagtail/so6hnqeqh2cp4jbx-360.png,The powerful Python CMS for modern websites
Waycrate,https://summerofcode.withgoogle.com/programs/2025/organizations/waycrate,"['c', 'c++', 'rust', 'wayland', 'Zig']","['security', 'graphics', 'Wayland', 'ScreenCapture', 'Desktop Portals']",https://waycrate.github.io/outreach/gsoc/2025/idea-list/,https://summerofcode.withgoogle.com/media/org/waycrate/u6pnvceiilur7iqy-360.png,Writing robust tools for the Wayland protocol
webpack,https://summerofcode.withgoogle.com/programs/2025/organizations/webpack,"['javascript', 'typescript', 'node']","['web development', 'javascript', 'webassembly', 'Node.js', 'webpack']",https://docs.google.com/document/d/1JOtAdpoqHGieg_nJpjkWDv1BoErPQ9L1GnZmX55E-W0/edit?usp=sharing,https://summerofcode.withgoogle.com/media/org/webpack/bb5phgrkm0y4op3e-360.png,webpack is the module bundler for web projects
Wellcome Sanger Tree of Life,https://summerofcode.withgoogle.com/programs/2025/organizations/wellcome-sanger-institute,"['python', 'machine learning', 'natural language processing', 'nextflow', 'Cloud Storage']","['machine learning', 'genomics', 'bioinformatics', 'genome analysis']",https://docs.google.com/document/d/1dRHwnHAXlwQbRDstnd0OZTDJYA9cTsl1jG_hOempqII/edit?usp=sharing,https://summerofcode.withgoogle.com/media/org/wellcome-sanger-institute/gmcjtlourmhkhhed-360.png,Genome analysis for all species
Zendalona,https://summerofcode.withgoogle.com/programs/2025/organizations/zendalona,"['python', 'javascript', 'android', 'gtk', 'qt']","['web', 'accessibility', 'braille', 'gaming', 'AGI']",https://docs.google.com/document/d/1HshVGE-oQq_xx09zG2LfqfVYWRhyrASteXzabCV9eIQ/edit?usp=sharing,https://summerofcode.withgoogle.com/media/org/zendalona/tqduj6nsxnnw3vpy-360.png,FOSS accessibility solutions for visually impaired
Zulip,https://summerofcode.withgoogle.com/programs/2025/organizations/zulip,"['python', 'django', 'flutter', 'css', 'typescript']","['great developer tooling', 'visual design', 'teaching quality codebase', 'team chat', 'integrations']",https://zulip.readthedocs.io/en/latest/outreach/gsoc.html,https://summerofcode.withgoogle.com/media/org/zulip/sx5ruvwv6nyugbk7-360.png,Organized chat for distributed teams
